Model,R2 (in-sample),RMSE (in-sample)
A: Dispersion only,0.004109368558443349,7.78664356484994
B: Connectivity only,0.047918526805564965,7.613450507623315
C: Full topology,0.10391578206475016,7.386162974079874
